relative_path,sha256
outputs/figures/figure_01_cohort_outcomes.png,20a507e1fff9d6608809ad65dda73d99710f5ff375979917c244a44754a457b9
outputs/figures/figure_02_regional_disconnection_patterns.png,d6517622127a7a77c3241bb36c74860312f9f81e6f0858955a3ddc8ac8b114fa
outputs/figures/figure_03_global_subtest_disconnection_associations.png,5ef82cd88a746b1dc451f40018375bb3e0444a18bdadf46a355a392410b9c05c
outputs/figures/figure_04_subtest_tfnbs_edge_configurations.png,9850f3068f6efbba1f3b2ac5dc26057817b0439aa4c8aa750a474b0caa794496
outputs/figures/figure_05_graph_topological_network_impact.png,5d096b9a3e4682eb16e1815b0ba8fb0a2a285db32486bf4f47635781c92ab4df
outputs/figures/figure_06_graph_metric_subtest_associations.png,3a83d8c0a306dd2ec22e76504da2bfe2528eec92c496902ec417d0db1695bbb6
outputs/figures/figure_07_qol_associations.png,aa37733023543bf60bf97a3946cf522fa7b00d7f2314598d2ee2c86c2579f1e0
outputs/tables/table_01_cohort_characteristics.csv,c45bc7d5f50b232379b1eaf207ea81eb01bfa4a799ec55cd94c428533f60895d
outputs/tables/table_02_tfnbs_subtest_summary.csv,e4c9caeff327d5de2ef2843e088d4d28ec10598af0c8c83eca2076bbc9b7c38a
outputs/tables/table_03_prediction_models.csv,9f16f4aca909487a97d60575a97c3f2f53f31dac6164d1118429f1d4cc234d73
